question,answer
"This month I drove my car 500 miles, used 600 kWh of electricity, and took 2 short-haul flights."," ""Here are some suggestions to reduce your carbon footprint:Consider carpooling or using public transport to reduce your driving miles.Try to cut down on electricity usage by unplugging devices when not in use and using energy-efficient appliances.For short distances consider alternatives to flying such as train travel when possible"""
"I used 400 kWh of electricity, ate meat 5 times a week, and recycled 50 percent of my waste.","Here are some recommendations:Great job on recycling! Try to increase it to 75 percent by separating your waste more carefully.Consider reducing meat consumption to 2-3 times a week and replacing with plant-based alternatives.To lower electricity usage, switch to LED bulbs and use natural light when possible."
"I took public transport for 20 days, used 300 kWh of electricity, and bought mostly local produce.",Excellent work on using public transport and buying local! Here are some additional tips:Keep up the good work with public transport. Consider cycling for shorter distances if possible.Your electricity usage is good. You could further reduce it by using a programmable thermostat.Continue buying local produce and try to reduce packaging waste by bringing your own bags and containers.
What is a carbon footprint?,"A carbon footprint is the total amount of greenhouse gases (primarily carbon dioxide) that are generated by our actions. It includes direct emissions like driving a car, and indirect emissions from the production and use of goods and services we consume."
How can I calculate my carbon footprint?,"You can calculate your carbon footprint by tracking your energy use, transportation methods, diet, and consumption habits. Our app helps you do this automatically by analyzing your daily activities and purchases."
What's the biggest contributor to an individual's carbon footprint?,"Usually, the biggest contributors are transportation (especially air travel and personal car use), home energy consumption, and diet (particularly meat and dairy consumption). However, this can vary based on individual lifestyles."
How much can recycling reduce my carbon footprint?,"Recycling can significantly reduce your carbon footprint. For example, recycling aluminum cans can save up to 95 percent of the energy used to make new cans. Regular recycling can reduce an individual's carbon emissions by up to 2,000 pounds a year."
What's the impact of eating meat on my carbon footprint?,"Meat production, especially beef, has a high carbon footprint. A vegetarian diet can reduce food-related carbon emissions by up to 50%. Even reducing meat consumption without completely eliminating it can have a significant positive impact."
"This month I worked from home for 15 days, used 500 kWh of electricity, and ordered takeout food 10 times.","Great job on working from home! Here are some suggestions to further reduce your carbon footprint:Try to reduce your electricity usage by using natural light and adjusting your thermostat.For takeout, choose restaurants that use sustainable packaging and order in bulk to reduce delivery trips.Consider preparing more meals at home using locally sourced ingredients to reduce packaging waste."
"I switched to an electric vehicle, installed solar panels, but still took a long-haul flight for vacation.","Excellent work on the electric vehicle and solar panels! Here are some additional tips:For future vacations, consider destinations reachable by train or explore local attractions to reduce flight-related emissions.Maximize your solar panel usage by running high-energy appliances during peak sunlight hours.Look into carbon offset programs for unavoidable flights."
"I used 700 kWh of electricity, composted all my food waste, and bought only second-hand clothes.",Great job on composting and sustainable shopping! Here are some suggestions:Your electricity usage is a bit high. Try conducting an energy audit to identify major power consumers in your home.Continue your excellent composting habits and consider starting a small vegetable garden with the compost.Share your second-hand shopping experiences with friends to encourage others to reduce their fashion footprint.
How does using public transportation help reduce carbon footprint?,"Public transportation significantly reduces per-person carbon emissions. A full bus can take 40-50 cars off the road, reducing overall fuel consumption and emissions. Trains are even more efficient for longer distances."
What's the environmental impact of streaming videos online?,"Streaming videos contributes to carbon emissions through the energy used by data centers and network infrastructure. Lowering video quality, reducing streaming time, and using Wi-Fi instead of mobile data can help minimize this impact."
How can I reduce the carbon footprint of my diet?,"To reduce your diet's carbon footprint: 1 Eat more plant-based meals, 2 Choose local and seasonal produce, 3 Reduce food waste, 4 Opt for foods with minimal packaging, and 5 If consuming animal products, choose those with lower emissions like chicken or fish over beef."
What's the carbon footprint difference between new and second-hand products?,"Buying second-hand significantly reduces carbon footprint as it avoids the emissions associated with manufacturing new products. For example, a new pair of jeans can produce up to 33 kg of CO2 equivalent, while second-hand jeans only account for the emissions from transportation and cleaning."
How does working from home affect my carbon footprint?,"Working from home can reduce your carbon footprint by eliminating commute-related emissions. However, it's important to manage home energy use efficiently. The overall impact depends on factors like your home's energy efficiency, the length of your typical commute, and your home office setup."
What are some tips to lower my home energy usage?,"To lower your home energy usage, you can switch to energy-efficient appliances, use LED lighting, install a programmable thermostat, and make sure your home is well-insulated. Also, consider using renewable energy sources like solar panels."
Why is my carbon footprint from food so high?,"Your carbon footprint from food might be high due to the consumption of meat and dairy products, which have a larger carbon footprint compared to plant-based foods. Reducing meat consumption and opting for locally-sourced, organic produce can help lower your footprint."
Can you give me personalized recommendations to reduce my carbon footprint?,"Sure! Based on your current report, here are some personalized tips:Use public transport or carpool to reduce transportation emissions.Switch to energy-efficient appliances and use renewable energy sources for your home.Reduce meat consumption and buy locally-sourced produce.Recycle more and reduce waste by opting for reusable products."
How can I track my progress in reducing my carbon footprint?,"You can set specific goals for each category (transportation, energy usage, and consumption patterns) and monitor your monthly reports to see how your actions impact your overall carbon footprint. Our platform provides data visualization tools to help you track your progress over time."
Why is it important to reduce my carbon footprint?,"Reducing your carbon footprint is important because it helps mitigate climate change by lowering the amount of greenhouse gases released into the atmosphere. This can lead to a healthier environment, reduced pollution, and a more sustainable future."
How is my carbon footprint calculated?,"Your carbon footprint is calculated based on various activities that emit greenhouse gases. This includes factors like the type and amount of transportation you use, your energy consumption at home, and your consumption patterns of food and goods. Each activity is assigned a specific amount of CO2 emissions, which are then summed up to give your total carbon footprint."
As a student how can i reduce my carbon footprints?,"As a student, you can reduce your carbon footprint by:Using public transport or walking/cycling for shorter distances.Carrying a reusable water bottle and coffee cup.Opting for digital textbooks and avoiding printing unnecessary papers.Using energy-efficient electronics and turning off devices when not in use.Buying locally-sourced and seasonal produce, and reducing meat consumption."
How to reduce my carbon footprints as a freelancer?,"As a freelancer, you can reduce your carbon footprint by:Working remotely to avoid commuting emissions.Using cloud storage and minimizing paper usage.Choosing clients who prioritize sustainability.Investing in energy-efficient equipment and software.Offsetting business travel emissions through carbon offset programs."
,
,
